<?xml version="1.0" encoding="UTF-8" ?>
<!DOCTYPE mapper
        PUBLIC "-//mybatis.org//DTD Mapper 3.0//EN"
        "http://mybatis.org/dtd/mybatis-3-mapper.dtd">
<mapper namespace="com.heyufei.dao.UserMapper">
    <select id="queryUsername"  resultType="Integer">
        select * from 企业管理系统.user where username = #{username}
    </select>
    <select id="queryUserByLogin" parameterType="String" resultType="User">
        select *from 企业管理系统.user
            where username = #{username} and password = #{password}
            or phone = #{username} and password = #{password}
    </select>
    <select id="queryPhone" resultType="Integer">
        select * from 企业管理系统.user where phone = #{phone};
    </select>
    <insert id="addUser" parameterType="User">
        insert into 企业管理系统.user(username, password, name, sex, purviewId, department, position, phone)
        values(#{username},#{password},#{name},#{sex},#{purviewId},#{department},#{position},#{phone});
    </insert>

    <select id="queryMenuByUsername" resultType="menu">
        select me.id,me.modeId,me.menuName,me.url,me.target from `企业管理系统`.menu me  join(
            select pm.menuId from `企业管理系统`.purview_menu pm where pm.purviewId = (
                select pur.id  from `企业管理系统`.purview pur where id = (
                    select usr.purviewId from `企业管理系统`.`user` usr where username = #{username}
                )
            )
        ) mi  on me.id = mi.menuId
    </select>

    <select id="queryAllUser" resultType="User">
        select id, username, password, name, sex, purviewId, department, position, phone from `企业管理系统`.user  limit #{index},10
    </select>
    <select id="queryAllUserCount" resultType="Integer">
        select count(id) from 企业管理系统.user
    </select>
    <delete id="deleteUser" parameterType="int">
        delete from 企业管理系统.user where id = #{id}
    </delete>
    <update id="updateUser" parameterType="User">
        update 企业管理系统.user
            set name = #{name},
                password = #{password},
                sex = #{sex},
                purviewId = #{purviewId},
                department = #{department},
                position = #{position},
                phone = #{phone}
            where id = #{id}
    </update>
    <insert id="picAdd" >
        insert into 企业管理系统.user_picture(userId, picUrl)
        values(#{userId}, #{picUrl});
    </insert>
    <update id="picUpdate">
        update 企业管理系统.user_picture
        set picUrl = #{picUrl}
        where userId = #{userId}
    </update>
    <select id="picQueryUrl" resultType="String">
        select picUrl from 企业管理系统.user_picture where userId = #{userId}
    </select>
</mapper>