<?xml version="1.0" encoding="UTF-8" ?>
<!DOCTYPE configuration
        PUBLIC "-//mybatis.org//DTD Config 3.0//EN"
        "http://mybatis.org/dtd/mybatis-3-config.dtd">
<!--configuration核心配置文件-->
<configuration>
    <!--引入外部配置文件-->
    <properties resource="database.properties"/>

    <settings>
        <!--标准日志工厂-->
        <setting name="logImpl" value="STDOUT_LOGGING"/>
        <!--        <setting name="mapUnderscoreToCamelCase" value="true"/>  &lt;!&ndash;驼峰命名 &ndash;&gt;-->
    </settings>

    <typeAliases>
        <!--    别名-->
        <package name="com.heyufei.pojo"/>
    </typeAliases>

    <mappers>
        <package name="com.heyufei.dao"/>
    </mappers>

</configuration>