<?xml version="1.0" encoding="UTF-8"?>
<beans xmlns="http://www.springframework.org/schema/beans"
       xmlns:xsi="http://www.w3.org/2001/XMLSchema-instance"
       xmlns:mvc="http://www.springframework.org/schema/mvc"
       xmlns:context="http://www.springframework.org/schema/context"
       xsi:schemaLocation="
        http://www.springframework.org/schema/beans
        http://www.springframework.org/schema/beans/spring-beans.xsd
                http://www.springframework.org/schema/mvc
        http://www.springframework.org/schema/mvc/spring-mvc.xsd
        http://www.springframework.org/schema/context
        http://www.springframework.org/schema/context/spring-context.xsd">
    <!--1.注解驱动-->
    <mvc:annotation-driven/>
    <!--2.静态资源过滤-->
    <mvc:default-servlet-handler/>
    <!--3.扫描包: controller-->
    <context:component-scan base-package="com.heyufei.controller"/>
    <!--4.视图解析器-->
    <bean class="org.springframework.web.servlet.view.InternalResourceViewResolver">
        <!--        <property name="prefix" value="/"/>-->
        <!--        <property name="prefix" value="/WEB-INF/jsp/"/>-->
        <!--        <property name="suffix" value=".jsp"/>-->
    </bean>

    <!--关于拦截器的配置-->
    <mvc:interceptors>
        <mvc:interceptor>
            <!-- /** 包括路径及其子路径-->
            <!-- /admin/* 拦截的是/admin/add等等这种 , /admin/add/user不会被拦截-->
            <!-- /admin/** 拦截的是/admin/下的所有-->
            <mvc:mapping path="/**"/>
            <mvc:exclude-mapping path="/*/fonts/*"/>
            <mvc:exclude-mapping path="/*/*.css"/>
            <mvc:exclude-mapping path="/*/*.js"/>
            <mvc:exclude-mapping path="/*/*.png"/>
            <mvc:exclude-mapping path="/*/*.gif"/>
            <mvc:exclude-mapping path="/*/*.jpg"/>
            <mvc:exclude-mapping path="/*/*.jpeg"/>

            <!--bean配置的就是拦截器-->
            <bean class="com.heyufei.interceptor.MyInterceptor"/>
        </mvc:interceptor>
    </mvc:interceptors>
    <!--文件上传配置-->
    <bean id="multipartResolver"  class="org.springframework.web.multipart.commons.CommonsMultipartResolver">
        <!-- 请求的编码格式，必须和jSP的pageEncoding属性一致，以便正确读取表单的内容，默认为ISO-8859-1 -->
        <property name="defaultEncoding" value="utf-8"/>
        <!-- 上传文件大小上限，单位为字节（10485760=10M） -->
        <property name="maxUploadSize" value="10485760"/>
        <property name="maxInMemorySize" value="40960"/>
    </bean>

<!--    <bean class="com.heyufei.utils.SwaggerConfig" />-->
<!--    <mvc:resources mapping="swagger-ui.html" location="classpath:/META-INF/resources/" />-->
<!--    <mvc:resources mapping="/webjars/**" location="classpath:/META-INF/resources/webjars/" />-->

<!--    <bean class="springfox.documentation.swagger2.configuration.Swagger2DocumentationConfiguration" id="swagger2Config"/>-->
    <!-- 开通swagger的静态资源访问 -->
<!--    <mvc:resources location="classpath:META-INF/resources" mapping="/**"/>-->
</beans>